SystemSize,EntanglementEntropy
4,1.460874084989488
10,1.851775363548397
16,1.9569481696020656
22,2.062217598766697
28,2.123441160525845
34,2.1836158653038122
40,2.225480942530271
46,2.2662456405359372
52,2.2969106004261413
58,2.326679286273721
64,2.350138024152783
70,2.365770719266665
76,1.9038982485145293
